GROUP,PACKAGE,CLASS,INSTRUCTION_MISSED,INSTRUCTION_COVERED,BRANCH_MISSED,BRANCH_COVERED,LINE_MISSED,LINE_COVERED,COMPLEXITY_MISSED,COMPLEXITY_COVERED,METHOD_MISSED,METHOD_COVERED
Alexandria - Text Analysis Tool,com.alexandria.view.components.shared.form.validation,EmailValidator,16,7,4,0,4,2,3,2,1,2
Alexandria - Text Analysis Tool,com.alexandria.view.components.shared.form.validation,TextAreaValidator,0,19,0,2,0,5,0,3,0,2
Alexandria - Text Analysis Tool,com.alexandria.view.components.shared.form.validation,PasswordValidator,0,13,0,2,0,4,0,3,0,2
Alexandria - Text Analysis Tool,com.alexandria.view.components.shared.form.validation,FileValidator,1,112,2,15,1,18,2,12,0,5
Alexandria - Text Analysis Tool,com.alexandria.view.components.shared.form.validation,TextValidator,0,19,0,4,0,5,0,4,0,2
Alexandria - Text Analysis Tool,com.alexandria.controller,ProjectController.Result,0,36,0,0,0,3,0,3,0,3
Alexandria - Text Analysis Tool,com.alexandria.controller,CompareController.TermComparisonOutcome,7,19,0,0,1,2,1,2,1,2
Alexandria - Text Analysis Tool,com.alexandria.controller,AnalyseController.SearchOutcome,0,31,0,0,0,3,0,3,0,3
Alexandria - Text Analysis Tool,com.alexandria.controller,AnalyseController.TextAnalysisOutcome,0,26,0,0,0,3,0,3,0,3
Alexandria - Text Analysis Tool,com.alexandria.controller,CompareController,185,233,26,20,37,52,21,15,4,9
Alexandria - Text Analysis Tool,com.alexandria.controller,AnalyseController.SaveOutcome,26,0,0,0,3,0,3,0,3,0
Alexandria - Text Analysis Tool,com.alexandria.controller,MainController.new Task() {...},18,0,0,0,2,0,2,0,2,0
Alexandria - Text Analysis Tool,com.alexandria.controller,CompareController.TextComparisonOutcome,26,0,0,0,3,0,3,0,3,0
Alexandria - Text Analysis Tool,com.alexandria.controller,LibraryController,152,105,26,6,34,35,18,6,4,4
Alexandria - Text Analysis Tool,com.alexandria.controller,MainController,351,173,32,1,96,40,35,10,18,10
Alexandria - Text Analysis Tool,com.alexandria.controller,ProfileController,147,207,14,20,45,48,14,15,6,6
Alexandria - Text Analysis Tool,com.alexandria.controller,CompareController.MultiSearchOutcome,72,0,6,0,14,0,8,0,5,0
Alexandria - Text Analysis Tool,com.alexandria.controller,QuotationController,7,147,4,20,2,31,3,19,0,10
Alexandria - Text Analysis Tool,com.alexandria.controller,AnalyseController,177,467,26,38,51,139,19,36,2,21
Alexandria - Text Analysis Tool,com.alexandria.controller,ArchiveController,44,101,2,4,15,30,3,6,1,5
Alexandria - Text Analysis Tool,com.alexandria.controller,ProjectController,10,218,3,29,2,56,3,18,0,5
Alexandria - Text Analysis Tool,com.alexandria.controller,UserSessionController,0,102,0,10,0,34,0,15,0,10
Alexandria - Text Analysis Tool,com.alexandria.controller,ProfileController.Result,0,21,0,0,0,3,0,3,0,3
Alexandria - Text Analysis Tool,com.alexandria.controller,CompareController.ComparisonTextsOutcome,0,27,0,0,0,3,0,3,0,3
Alexandria - Text Analysis Tool,com.alexandria.view.components.shared.selection,QuotationSelectionPopup,184,0,14,0,40,0,16,0,9,0
Alexandria - Text Analysis Tool,com.alexandria.view.components.shared.modal,Modal,20,162,8,2,4,43,7,8,2,8
Alexandria - Text Analysis Tool,com.alexandria.view.components.shared.modal,ErrorAlert,43,0,0,0,11,0,2,0,2,0
Alexandria - Text Analysis Tool,com.alexandria.view.components.shared.modal,SuccessAlert,21,0,0,0,7,0,2,0,2,0
Alexandria - Text Analysis Tool,com.alexandria.view.components.shared.modal,ConfirmationAlert,27,0,2,0,6,0,3,0,2,0
Alexandria - Text Analysis Tool,com.alexandria.view.components.compare_screen,ComparisonDocumentView,154,228,14,0,46,41,25,4,18,4
Alexandria - Text Analysis Tool,com.alexandria.view.components.compare_screen,ComparisonSidePanel,1,62,0,0,1,12,1,1,1,1
Alexandria - Text Analysis Tool,com.alexandria.view.components.compare_screen,SimilarityIndicator,95,164,8,0,18,30,5,2,1,2
Alexandria - Text Analysis Tool,com.alexandria.view.components.compare_screen,CompareHeader,19,32,0,0,6,9,4,3,4,3
Alexandria - Text Analysis Tool,com.alexandria.view,MainView,186,0,0,0,43,0,16,0,16,0
Alexandria - Text Analysis Tool,com.alexandria.view.components.shared,SearchInput,11,80,1,1,3,19,4,4,3,4
Alexandria - Text Analysis Tool,com.alexandria.view.components.shared,ScreenHeader.Actions,29,87,2,2,6,17,11,3,9,3
Alexandria - Text Analysis Tool,com.alexandria.view.components.shared,LoadingIndicator,16,0,0,0,7,0,2,0,2,0
Alexandria - Text Analysis Tool,com.alexandria.view.components.shared,ScreenHeader,0,40,0,0,0,9,0,2,0,2
Alexandria - Text Analysis Tool,com.alexandria.view.components.shared,SuccessToast,15,72,0,0,4,15,2,1,2,1
Alexandria - Text Analysis Tool,com.alexandria.view.components.shared,ToggleSwitch,14,0,0,0,5,0,1,0,1,0
Alexandria - Text Analysis Tool,com.alexandria.view.components.shared,EmptyState,0,54,1,3,0,13,1,2,0,1
Alexandria - Text Analysis Tool,com.alexandria.view.components.shared,Card,110,484,22,12,22,87,22,9,5,9
Alexandria - Text Analysis Tool,com.alexandria.view.router,Route,3,111,0,6,1,19,1,7,1,4
Alexandria - Text Analysis Tool,com.alexandria.view.router,ViewRouter,2,36,2,2,2,11,2,4,0,4
Alexandria - Text Analysis Tool,com.alexandria.utils,SessionStorage,0,32,0,2,0,8,0,5,0,4
Alexandria - Text Analysis Tool,com.alexandria.utils,ThemeSettings,33,0,4,0,11,0,6,0,4,0
Alexandria - Text Analysis Tool,com.alexandria.utils,PasswordHasher,3,42,0,8,1,9,1,6,1,2
Alexandria - Text Analysis Tool,com.alexandria.utils,JsonMapper,7,36,0,0,2,9,0,3,0,3
Alexandria - Text Analysis Tool,com.alexandria.utils,UserGuideSettings,14,0,0,0,4,0,3,0,3,0
Alexandria - Text Analysis Tool,com.alexandria.model,TermComparison,14,54,0,0,7,22,4,9,4,9
Alexandria - Text Analysis Tool,com.alexandria.model,QuotationType,3,32,0,0,1,7,1,2,1,2
Alexandria - Text Analysis Tool,com.alexandria.model,TermAnalysis,15,66,0,0,8,26,4,11,4,11
Alexandria - Text Analysis Tool,com.alexandria.model,TextComparison,14,41,0,0,7,17,4,7,4,7
Alexandria - Text Analysis Tool,com.alexandria.model,User,3,81,0,0,2,33,1,14,1,14
Alexandria - Text Analysis Tool,com.alexandria.model,ArchiveTermAnalysis,3,45,0,0,2,16,1,8,1,8
Alexandria - Text Analysis Tool,com.alexandria.model,SearchResult,18,63,0,0,9,25,5,10,5,10
Alexandria - Text Analysis Tool,com.alexandria.model,TextComparisonText,11,15,0,0,6,6,3,3,3,3
Alexandria - Text Analysis Tool,com.alexandria.model,ArchiveTextAnalysis,3,39,0,0,2,14,1,7,1,7
Alexandria - Text Analysis Tool,com.alexandria.model,Quotation,18,63,0,0,9,25,5,10,5,10
Alexandria - Text Analysis Tool,com.alexandria.model,FileType,0,21,0,0,0,4,0,1,0,1
Alexandria - Text Analysis Tool,com.alexandria.model,TextAnalysis,15,53,0,0,8,21,4,9,4,9
Alexandria - Text Analysis Tool,com.alexandria.model,Text,12,101,0,0,6,38,3,16,3,16
Alexandria - Text Analysis Tool,com.alexandria.model,TermComparisonText,11,15,0,0,6,6,3,3,3,3
Alexandria - Text Analysis Tool,com.alexandria.view.components.shared.form,Form,73,141,7,1,23,36,13,8,9,8
Alexandria - Text Analysis Tool,com.alexandria.view.components.shared.form,FormRenderer,230,267,27,10,42,51,27,15,11,11
Alexandria - Text Analysis Tool,com.alexandria.view.components.shared.form,FormValidator,1,81,2,14,1,21,2,9,0,3
Alexandria - Text Analysis Tool,com.alexandria.view.components.shared.form,FormField,15,46,5,5,3,15,5,6,0,6
Alexandria - Text Analysis Tool,com.alexandria.view.components.shared.form,Form.Builder,5,60,2,2,1,15,2,6,0,6
Alexandria - Text Analysis Tool,com.alexandria.view.components.shared.form,FormField.Type,0,33,0,0,0,6,0,1,0,1
Alexandria - Text Analysis Tool,com.alexandria.db,DatabaseConnection,3,22,0,0,1,5,1,3,1,3
Alexandria - Text Analysis Tool,com.alexandria.dao,TextComparisonTextDAO,2,141,2,6,0,41,2,7,0,5
Alexandria - Text Analysis Tool,com.alexandria.dao,TermComparisonDAO,2,208,6,10,0,57,6,8,0,6
Alexandria - Text Analysis Tool,com.alexandria.dao,TermAnalysisDAO,2,277,6,12,0,77,6,10,0,7
Alexandria - Text Analysis Tool,com.alexandria.dao,SearchResultDAO,2,277,6,12,0,77,6,10,0,7
Alexandria - Text Analysis Tool,com.alexandria.dao,TextDAO,2,264,6,10,0,71,6,8,0,6
Alexandria - Text Analysis Tool,com.alexandria.dao,TextComparisonDAO,2,192,6,10,0,53,6,8,0,6
Alexandria - Text Analysis Tool,com.alexandria.dao,UserDAO,3,238,9,13,1,62,9,8,0,6
Alexandria - Text Analysis Tool,com.alexandria.dao,TermComparisonTextDAO,2,141,2,6,0,41,2,7,0,5
Alexandria - Text Analysis Tool,com.alexandria.dao,QuotationDAO,2,277,6,12,0,77,6,10,0,7
Alexandria - Text Analysis Tool,com.alexandria.dao,TextAnalysisDAO,2,258,6,12,0,72,6,10,0,7
Alexandria - Text Analysis Tool,com.alexandria.view.components.analyse_screen.text_term_analyze,TextContextPanel,174,105,19,3,34,22,17,4,6,4
Alexandria - Text Analysis Tool,com.alexandria.view.components.analyse_screen.text_term_analyze,TextTermFrequencyPanel,181,90,7,3,33,21,9,4,4,4
Alexandria - Text Analysis Tool,com.alexandria.view.components.shared.document.highlight,PdfHighlight,0,187,2,12,0,44,2,9,0,4
Alexandria - Text Analysis Tool,com.alexandria.view.components.shared.document.highlight,PdfTextLayout.Glyph,0,24,0,0,0,1,0,1,0,1
Alexandria - Text Analysis Tool,com.alexandria.view.components.shared.document.highlight,TxtTextLayout,38,0,4,0,9,0,3,0,1,0
Alexandria - Text Analysis Tool,com.alexandria.view.components.shared.document.highlight,TxtHighlight.Range,0,9,0,0,0,1,0,1,0,1
Alexandria - Text Analysis Tool,com.alexandria.view.components.shared.document.highlight,PdfSelectionExtractor,12,117,4,8,2,21,4,5,0,3
Alexandria - Text Analysis Tool,com.alexandria.view.components.shared.document.highlight,TxtHighlight,0,49,0,8,0,10,0,5,0,1
Alexandria - Text Analysis Tool,com.alexandria.view.components.shared.document.highlight,PdfSelectionExtractor.new PDFTextStripper() {...},0,70,3,7,0,8,3,4,0,2
Alexandria - Text Analysis Tool,com.alexandria.view.components.shared.document.highlight,PdfTextLayout.new PDFTextStripper() {...},0,12,0,0,0,3,0,2,0,2
Alexandria - Text Analysis Tool,com.alexandria.view.components.shared.document.highlight,PdfHighlight.new PDFTextStripper() {...},0,22,0,0,0,4,0,2,0,2
Alexandria - Text Analysis Tool,com.alexandria.view.components.shared.document.highlight,PdfTextLayout,339,554,49,35,53,117,31,20,2,7
Alexandria - Text Analysis Tool,com.alexandria.view.components.shared.document.highlight,TextPaginator,0,56,0,10,0,16,0,6,0,1
Alexandria - Text Analysis Tool,com.alexandria.view.components.analyse_screen.input_term_analyse,TrackedWordsList.Row,269,0,2,0,46,0,7,0,6,0
Alexandria - Text Analysis Tool,com.alexandria.view.components.analyse_screen.input_term_analyse,TrackedWordsList,192,227,27,5,51,45,30,5,14,5
Alexandria - Text Analysis Tool,com.alexandria.view.components.archive_screen,ArchiveAnalysisCard,0,90,1,5,0,23,1,8,0,6
Alexandria - Text Analysis Tool,com.alexandria.view.components.archive_screen,ArchiveAnalysisModal,2,701,2,10,1,104,2,13,0,9
Alexandria - Text Analysis Tool,com.alexandria.view.components.library_screen,ComparisonTextModal,32,318,8,12,3,64,13,11,5,9
Alexandria - Text Analysis Tool,com.alexandria.service.analysis,TextComparisonResult.ParagraphMatch,0,12,0,0,0,1,0,1,0,1
Alexandria - Text Analysis Tool,com.alexandria.service.analysis,TermComparisonResult,7,20,3,3,2,5,3,1,0,1
Alexandria - Text Analysis Tool,com.alexandria.service.analysis,TextAnalysisResult,0,21,0,0,0,1,0,1,0,1
Alexandria - Text Analysis Tool,com.alexandria.service.analysis,WordFrequency,0,18,0,0,0,1,0,1,0,1
Alexandria - Text Analysis Tool,com.alexandria.service.analysis,SearchSettings,0,30,0,0,0,4,0,3,0,3
Alexandria - Text Analysis Tool,com.alexandria.service.analysis,SearchServiceINT,7,0,0,0,1,0,1,0,1,0
Alexandria - Text Analysis Tool,com.alexandria.service.analysis,TextComparisonResult.SimilarityAmount,0,49,0,4,0,13,0,6,0,4
Alexandria - Text Analysis Tool,com.alexandria.service.analysis,TermAnalysisResult,0,21,0,0,0,1,0,1,0,1
Alexandria - Text Analysis Tool,com.alexandria.service.analysis,TermComparisonResult.TermTextOccurrence,8,23,3,3,2,4,3,1,0,1
Alexandria - Text Analysis Tool,com.alexandria.service.analysis,TextComparisonResult.ParagraphSnippet,0,18,0,0,0,1,0,1,0,1
Alexandria - Text Analysis Tool,com.alexandria.service.analysis,TextComparisonResult,6,36,3,3,3,8,3,1,0,1
Alexandria - Text Analysis Tool,com.alexandria.service.analysis,TextFragment,0,15,0,0,0,1,0,1,0,1
Alexandria - Text Analysis Tool,com.alexandria.service.analysis,TextComparisonServiceINT,6,0,0,0,1,0,1,0,1,0
Alexandria - Text Analysis Tool,com.alexandria.service.analysis,TermComparisonServiceINT,7,0,0,0,1,0,1,0,1,0
Alexandria - Text Analysis Tool,com.alexandria.service.analysis,SearchMatch,0,21,0,0,0,1,0,1,0,1
Alexandria - Text Analysis Tool,com.alexandria.service.analysis,TextComparisonResult.TextComparisonRow,9,29,4,4,3,7,4,1,0,1
Alexandria - Text Analysis Tool,com.alexandria.service,PdfService.PagedText,53,12,10,0,10,1,7,1,2,1
Alexandria - Text Analysis Tool,com.alexandria.service,TextComparisonService,30,614,22,44,11,113,22,22,0,11
Alexandria - Text Analysis Tool,com.alexandria.service,TextComparisonService.ParagraphMatchCandidate,0,24,0,0,0,1,0,1,0,1
Alexandria - Text Analysis Tool,com.alexandria.service,FileStorageService,43,58,13,1,10,13,9,3,2,3
Alexandria - Text Analysis Tool,com.alexandria.service,TextAnalysisService,3,155,4,6,1,35,4,9,0,8
Alexandria - Text Analysis Tool,com.alexandria.service,TermComparisonService,8,101,6,10,2,18,6,6,0,4
Alexandria - Text Analysis Tool,com.alexandria.service,FuzzySearchService,83,619,18,78,15,122,18,37,2,5
Alexandria - Text Analysis Tool,com.alexandria.service,ArchiveTextAnalysisService,50,287,14,26,10,70,15,13,1,7
Alexandria - Text Analysis Tool,com.alexandria.service,AnalysisUtils,24,767,14,24,5,45,15,25,1,20
Alexandria - Text Analysis Tool,com.alexandria.service,TermAnalysisService,18,164,8,22,4,28,7,11,0,3
Alexandria - Text Analysis Tool,com.alexandria.service,PdfService,6,147,4,14,1,27,4,9,0,4
Alexandria - Text Analysis Tool,com.alexandria.service,ValidationService,3,0,0,0,1,0,1,0,1,0
Alexandria - Text Analysis Tool,com.alexandria.service,ArchiveTermAnalysisService,51,309,18,30,10,76,19,13,1,7
Alexandria - Text Analysis Tool,com.alexandria.service,SearchService,84,115,19,13,15,22,16,5,2,3
Alexandria - Text Analysis Tool,com.alexandria.service,QuotationService,30,135,6,10,6,31,7,10,1,8
Alexandria - Text Analysis Tool,com.alexandria.view.screens,CompareScreen,212,241,11,1,52,50,28,5,22,5
Alexandria - Text Analysis Tool,com.alexandria.view.screens,LibraryScreen,76,798,25,27,30,162,33,31,15,23
Alexandria - Text Analysis Tool,com.alexandria.view.screens,ArchiveScreen,80,541,20,28,19,109,28,23,14,13
Alexandria - Text Analysis Tool,com.alexandria.view.screens,AnalyseScreen,345,637,36,14,79,150,57,29,35,26
Alexandria - Text Analysis Tool,com.alexandria.view.screens,UserGuideScreen,477,0,12,0,72,0,16,0,7,0
Alexandria - Text Analysis Tool,com.alexandria.view.screens,SettingsScreen,252,0,2,0,44,0,4,0,3,0
Alexandria - Text Analysis Tool,com.alexandria.view.screens,ProfileScreen,296,0,2,0,84,0,34,0,33,0
Alexandria - Text Analysis Tool,com.alexandria.view.components.side_navbar,SideNavbarNavigation,34,179,5,3,13,34,9,9,6,8
Alexandria - Text Analysis Tool,com.alexandria.view.components.side_navbar,SideNavbar,35,283,0,0,13,57,9,8,9,8
Alexandria - Text Analysis Tool,com.alexandria.view.components.side_navbar,SideNavbarNavigation.NavItem,0,12,0,0,0,1,0,1,0,1
Alexandria - Text Analysis Tool,com.alexandria.view.components.shared.document,PdfDocumentRenderer,1482,0,146,0,340,0,115,0,42,0
Alexandria - Text Analysis Tool,com.alexandria.view.components.shared.document,TextDocumentRenderer,1580,0,148,0,389,0,118,0,44,0
Alexandria - Text Analysis Tool,com.alexandria.view.components.analyse_screen,AnalyseHeader,27,63,2,0,7,12,5,3,4,3
Alexandria - Text Analysis Tool,com.alexandria.view.components.analyse_screen,QuotationCard,363,0,12,0,86,0,18,0,12,0
Alexandria - Text Analysis Tool,com.alexandria.view.components.analyse_screen,AnalyseHeader.ViewMode,15,0,0,0,2,0,1,0,1,0
Alexandria - Text Analysis Tool,com.alexandria.view.components.analyse_screen,DocumentView,420,304,86,16,98,68,70,9,19,9
Alexandria - Text Analysis Tool,com.alexandria.view.components.analyse_screen,QuotationLocation,4,99,2,18,2,31,2,15,0,7
Alexandria - Text Analysis Tool,com.alexandria.view.components.analyse_screen,TermDetailModal,285,124,18,0,51,21,14,1,5,1
Alexandria - Text Analysis Tool,com.alexandria.view.components.analyse_screen,SearchView,33,161,6,0,13,34,9,7,6,7
Alexandria - Text Analysis Tool,com.alexandria.view.components.analyse_screen,QuotationsView,75,160,7,5,14,44,14,5,8,5
Alexandria - Text Analysis Tool,com.alexandria.view.components.user_guide,UserGuideSectionContent,85,0,4,0,16,0,3,0,1,0
Alexandria - Text Analysis Tool,com.alexandria.view.components.user_guide,UserGuideSection,51,0,2,0,13,0,2,0,1,0
Alexandria - Text Analysis Tool,com.alexandria.view.components.user_guide,UserGuideData,43,0,0,0,7,0,1,0,1,0
Alexandria - Text Analysis Tool,com.alexandria.view.components.user_guide,UserGuideStep,64,0,0,0,15,0,1,0,1,0
Alexandria - Text Analysis Tool,com.alexandria.view.components.user_guide,UserGuideTourData,17,0,0,0,4,0,2,0,2,0
Alexandria - Text Analysis Tool,com.alexandria.view.components.user_guide,UserGuideTour,684,19,10,0,99,3,47,1,42,1
Alexandria - Text Analysis Tool,com.alexandria.view.components.user_guide,UserGuideTourButton,52,0,0,0,9,0,2,0,2,0
Alexandria - Text Analysis Tool,com.alexandria.view.components.side_navbar.new_project,NewProjectModal,555,0,8,0,122,0,28,0,24,0
Alexandria - Text Analysis Tool,com.alexandria.view.components.side_navbar.new_project,UploadPdfForm.UploadData,12,0,0,0,1,0,1,0,1,0
Alexandria - Text Analysis Tool,com.alexandria.view.components.side_navbar.new_project,UploadPdfForm,85,0,0,0,24,0,7,0,7,0
Alexandria - Text Analysis Tool,com.alexandria.view.components.side_navbar.new_project,NewProjectModal.Destination,0,15,0,0,0,2,0,1,0,1
Alexandria - Text Analysis Tool,com.alexandria.view.components.side_navbar.new_project,NewProjectModal.SourceType,0,15,0,0,0,2,0,1,0,1
Alexandria - Text Analysis Tool,com.alexandria.view.components.side_navbar.new_project,NewProjectModal.CreatedProject,0,34,0,0,0,3,0,2,0,2
Alexandria - Text Analysis Tool,com.alexandria.view.components.side_navbar.new_project,PasteTextForm,85,0,0,0,24,0,7,0,7,0
Alexandria - Text Analysis Tool,com.alexandria.view.components.side_navbar.new_project,PasteTextForm.PasteData,12,0,0,0,1,0,1,0,1,0
Alexandria - Text Analysis Tool,com.alexandria.view.components.shared.tour,Tour.TooltipPosition,15,0,0,0,1,0,1,0,1,0
Alexandria - Text Analysis Tool,com.alexandria.view.components.shared.tour,Tour.Hole,15,0,0,0,1,0,1,0,1,0
Alexandria - Text Analysis Tool,com.alexandria.view.components.shared.tour,Tour,1010,0,58,0,184,0,46,0,17,0
Alexandria - Text Analysis Tool,com.alexandria.view.components.shared.tour,Tour.Step,36,0,2,0,5,0,3,0,2,0
Alexandria - Text Analysis Tool,com.alexandria.view.components.shared.tour,Tour.StepOptions,50,0,2,0,11,0,6,0,5,0
Alexandria - Text Analysis Tool,com.alexandria.view.components.shared.toggle,Toggle,13,135,5,9,5,32,7,8,2,6
Alexandria - Text Analysis Tool,com.alexandria.view.components.profile_screen,RegisterForm,11,103,0,0,2,18,3,3,3,3
Alexandria - Text Analysis Tool,com.alexandria.view.components.profile_screen,EditProfileForm,41,139,7,1,11,25,11,2,7,2
Alexandria - Text Analysis Tool,com.alexandria.view.components.profile_screen,AuthView,33,164,1,1,11,34,9,7,8,7
Alexandria - Text Analysis Tool,com.alexandria.view.components.profile_screen,LoginForm,11,56,0,0,2,15,3,3,3,3
Alexandria - Text Analysis Tool,com.alexandria.view.components.profile_screen,ChangePasswordForm,40,84,2,0,12,18,7,1,6,1
Alexandria - Text Analysis Tool,com.alexandria.view.components.profile_screen,ProfileView,70,522,10,6,17,83,20,7,13,6
